{"cameraMode":{"drawMode":0,"name":"Shaded","section":"Shading Mode"},"sceneLighting":true,"audioPlay":false,"sceneViewState":{"m_AlwaysRefresh":false,"showFog":true,"showSkybox":true,"showFlares":true,"showImageEffects":true,"showParticleSystems":true,"showVisualEffectGraphs":true,"m_FxEnabled":true},"in2DMode":false,"pivot":{"x":0.05322306975722313,"y":0.029495295137166978,"z":0.260966956615448},"rotation":{"x":-0.006309539545327425,"y":0.0020971817430108787,"z":-0.000013187158401706256,"w":-0.9999786019325256},"size":0.24519461393356324,"orthographic":false}