{"cameraMode":{"drawMode":0,"name":"Shaded","section":"Shading Mode"},"sceneLighting":true,"audioPlay":false,"sceneViewState":{"m_AlwaysRefresh":false,"showFog":true,"showSkybox":true,"showFlares":true,"showImageEffects":true,"showParticleSystems":true,"showVisualEffectGraphs":true,"m_FxEnabled":true},"in2DMode":false,"pivot":{"x":-0.2772879898548126,"y":-0.004362619016319513,"z":-0.40016019344329836},"rotation":{"x":-0.0000010288637213307084,"y":-0.004194797482341528,"z":-0.000002074771600746317,"w":-1.000001311302185},"size":0.09486213326454163,"orthographic":false}